mae,rmse,smape
0.047717,0.077525,0.649296
