,metrics,ESG
0,avg_mae,0.2310098248411293
1,avg_rmse,0.2786359216221037
2,avg_smape,0.7674468284471779
3,std_mae,0.1276861858397251
4,std_rmse,0.1349269029244242
5,std_smape,0.4004190520251075
