avg_mae,avg_rmse,avg_smape,std_mae,std_rmse,std_smape
0.23100982484112934,0.27863592162210377,0.7674468284471779,0.1276861858397251,0.1349269029244242,0.4004190520251075
