avg_mae,avg_rmse,avg_smape,std_mae,std_rmse,std_smape
0.07757969932199324,0.1251578691880998,0.3893647802390164,0.03169219572148978,0.04912987880432073,0.15061739823865566
