mae,rmse,smape
0.037309,0.059303,1.406505
