mae,rmse,smape
0.116831,0.177352,1.365572
