,metrics,RGSL
0,avg_mae,0.2557168912025823
1,avg_rmse,0.2947205065069453
2,avg_smape,0.7914975293645602
3,std_mae,0.0954801263858299
4,std_rmse,0.1001476957532864
5,std_smape,0.4010817905841693
