step,mae,rmse,smape
1,0.023233,0.035828,0.584724
2,0.025912,0.042035,0.936063
3,0.027763,0.048460,0.867636
4,0.025363,0.045179,0.930006
5,0.022823,0.041699,0.631606
6,0.025472,0.045770,0.595190
avg,0.025094,0.043347,0.757538
