step,mae,rmse,smape
1,0.028272,0.040976,1.507089
2,0.032215,0.047309,2.053982
3,0.032095,0.050262,2.288214
4,0.029445,0.046411,1.251110
5,0.026735,0.042548,0.872265
6,0.027206,0.045829,1.080554
avg,0.029328,0.045658,1.508869
