step,mae,rmse,smape
1,0.101159,0.135804,3.092207
2,0.101553,0.136709,3.049934
3,0.100293,0.133450,4.511424
4,0.100785,0.133466,3.240629
5,0.100550,0.132756,3.502194
6,0.099994,0.130781,3.465970
avg,0.100723,0.133842,3.477060
