,metrics,Triformer
0,avg_mae,0.0784611082296365
1,avg_rmse,0.1244654837296871
2,avg_smape,0.4778432192886903
3,std_mae,0.037742366550642
4,std_rmse,0.0488918514393826
5,std_smape,0.2024823686592426
