mae,rmse,smape
0.083369,0.139548,1.026062
