,metrics,Triformer
0,avg_mae,0.0263729272927534
1,avg_rmse,0.0397154779194785
2,avg_smape,0.5234462872966893
3,std_mae,0.011951463228939
4,std_rmse,0.0179653951862472
5,std_smape,0.2353803973785449
