mae,rmse,smape
0.100723,0.133842,3.477060
