step,mae,rmse,smape
1,0.023983,0.037134,0.831250
2,0.028092,0.044801,1.679969
3,0.030964,0.051853,1.988213
4,0.029345,0.048570,0.889185
5,0.028432,0.045930,0.839761
6,0.032628,0.051728,0.674627
avg,0.028907,0.046938,1.150501
