mae,rmse,smape
0.111866,0.167888,1.670997
