step,mae,rmse,smape
1,0.029629,0.042329,0.843994
2,0.030856,0.045165,0.824507
3,0.032747,0.051929,0.842121
4,0.031308,0.050002,0.881615
5,0.029179,0.047213,0.913197
6,0.031275,0.052232,0.879607
avg,0.030832,0.048280,0.864173
