mae,rmse,smape
0.093187,0.154571,1.144426
