avg_mae,avg_rmse,avg_smape,std_mae,std_rmse,std_smape
0.25571689120258234,0.2947205065069453,0.7914975293645602,0.09548012638582998,0.10014769575328641,0.4010817905841693
