,metrics,RGSL
0,avg_mae,0.0281395835603992
1,avg_rmse,0.0409754074857317
2,avg_smape,0.5595691505142747
3,std_mae,0.0078870192111943
4,std_rmse,0.0142396613563898
5,std_smape,0.2699680935864031
