step,mae,rmse,smape
1,0.027541,0.045948,0.537205
2,0.031402,0.047010,1.027876
3,0.035551,0.053084,1.027579
4,0.038736,0.058573,0.786259
5,0.042356,0.064368,0.749774
6,0.043743,0.062904,0.787544
avg,0.036555,0.055782,0.819373
