mae,rmse,smape
0.028907,0.046938,1.150501
