mae,rmse,smape
0.229727,0.303795,0.757920
