avg_mae,avg_rmse,avg_smape,std_mae,std_rmse,std_smape
0.057348930986914966,0.10387474491244175,0.3372044281896376,0.030449777900985176,0.04497933903256317,0.21654503408669962
