,metrics,ESG
0,avg_mae,0.0591600137885737
1,avg_rmse,0.1055253591057302
2,avg_smape,0.4017683504136347
3,std_mae,0.0327559291924244
4,std_rmse,0.0489789392876907
5,std_smape,0.5143092184722854
