avg_mae,avg_rmse,avg_smape,std_mae,std_rmse,std_smape
0.0658902048073476,0.10568162785444313,0.42313556889896,0.02788553323773314,0.04026941699958518,0.582879442441624
