,metrics,GraphWaveNet
0,avg_mae,0.0658902048073476
1,avg_rmse,0.1056816278544431
2,avg_smape,0.42313556889896
3,std_mae,0.0278855332377331
4,std_rmse,0.0402694169995851
5,std_smape,0.582879442441624
