mae,rmse,smape
0.059861,0.111432,1.369169
