step,mae,rmse,smape
1,0.063565,0.091286,2.139614
2,0.068911,0.098696,1.887815
3,0.071733,0.101612,1.693292
4,0.076488,0.108504,1.741820
5,0.081020,0.114924,3.291662
6,0.084663,0.120017,1.957021
avg,0.074397,0.106289,2.118537
