mae,rmse,smape
0.074397,0.106289,2.118537
