avg_mae,avg_rmse,avg_smape,std_mae,std_rmse,std_smape
0.23048044099919562,0.2783859716592643,0.6506443796263208,0.12812085430393572,0.13595328756370426,0.9300650035987138
