,metrics,MTGNN
0,avg_mae,0.2304804409991956
1,avg_rmse,0.2783859716592643
2,avg_smape,0.6506443796263208
3,std_mae,0.1281208543039357
4,std_rmse,0.1359532875637042
5,std_smape,0.9300650035987138
