mae,rmse,smape
0.027203,0.044325,1.183989
