mae,rmse,smape
0.123251,0.185585,2.342406
