mae,rmse,smape
0.270524,0.375036,0.989105
