step,mae,rmse,smape
1,0.044525,0.070222,1.067364
2,0.047528,0.073552,1.115261
3,0.049738,0.074103,0.955739
4,0.052009,0.077231,0.953369
5,0.054018,0.079823,0.867460
6,0.054009,0.079691,0.823058
avg,0.050305,0.075850,0.963709
