mae,rmse,smape
0.050305,0.075850,0.963709
