,metrics,MTGNN
0,avg_mae,0.0641232926061072
1,avg_rmse,0.1054871563445338
2,avg_smape,0.5524174391594857
3,std_mae,0.0314598536494123
4,std_rmse,0.0455585836489957
5,std_smape,0.5801198194860641
