avg_mae,avg_rmse,avg_smape,std_mae,std_rmse,std_smape
0.08212964149100206,0.12556877868278693,0.6220454977197988,0.029225381584024053,0.038824250602828514,2.074010580039745
