,metrics,GraphWaveNet
0,avg_mae,0.082129641491002
1,avg_rmse,0.1255687786827869
2,avg_smape,0.6220454977197988
3,std_mae,0.029225381584024
4,std_rmse,0.0388242506028285
5,std_smape,2.074010580039745
