avg_mae,avg_rmse,avg_smape,std_mae,std_rmse,std_smape
0.028139583560399254,0.04097540748573175,0.5595691505142747,0.007887019211194328,0.014239661356389897,0.2699680935864031
