,metrics,ESG
0,avg_mae,0.0311667805674615
1,avg_rmse,0.0398312020702609
2,avg_smape,0.4743951430451258
3,std_mae,0.0344638029923305
4,std_rmse,0.0406469212219132
5,std_smape,1.2050566663680844
