avg_mae,avg_rmse,avg_smape,std_mae,std_rmse,std_smape
0.031166780567461517,0.03983120207026099,0.47439514304512587,0.034463802992330546,0.04064692122191325,1.2050566663680844
