mae,rmse,smape
0.246998,0.324279,0.943581
