,metrics,MTGNN
0,avg_mae,0.0273728477994189
1,avg_rmse,0.0409916333518272
2,avg_smape,0.6396167334765942
3,std_mae,0.0110903863528558
4,std_rmse,0.0178638120591529
5,std_smape,0.5650158502065903
