avg_mae,avg_rmse,avg_smape,std_mae,std_rmse,std_smape
0.027372847799418985,0.040991633351827234,0.6396167334765942,0.011090386352855837,0.017863812059152943,0.5650158502065903
