avg_mae,avg_rmse,avg_smape,std_mae,std_rmse,std_smape
0.02749785629981518,0.04075462547815705,0.6498857437585133,0.012951342900285679,0.017828035938970272,0.4437649394914374
