mae,rmse,smape
0.240799,0.339536,0.847228
