mae,rmse,smape
0.059069,0.112024,1.069215
