,metrics,ESG
0,avg_mae,0.0786197226329215
1,avg_rmse,0.1256968298833141
2,avg_smape,0.2932017706578152
3,std_mae,0.0330027988658483
4,std_rmse,0.0504522291312628
5,std_smape,0.4836336855168923
