mae,rmse,smape
0.269179,0.353808,1.241598
