mae,rmse,smape
0.236676,0.330632,0.801087
