step,mae,rmse,smape
1,0.030929,0.043280,1.968738
2,0.034876,0.049180,0.788380
3,0.036865,0.054824,2.541141
4,0.034370,0.050678,1.273209
5,0.031774,0.046564,0.989877
6,0.032564,0.049221,0.833774
avg,0.033563,0.049086,1.399186
