mae,rmse,smape
0.033563,0.049086,1.399186
