mae,rmse,smape
0.114416,0.179420,1.427230
