mae,rmse,smape
0.061362,0.114498,1.387734
