,metrics,GraphWaveNet
0,avg_mae,0.2415611425799056
1,avg_rmse,0.2851620300985993
2,avg_smape,0.4434627040202683
3,std_mae,0.1241245453743685
4,std_rmse,0.128817237193071
5,std_smape,2.653345033028477
