mae,rmse,smape
0.300274,0.389232,1.330650
