step,mae,rmse,smape
1,0.067543,0.096272,2.025773
2,0.070671,0.101193,1.547664
3,0.073906,0.106862,1.959661
4,0.076898,0.112998,8.928148
5,0.080627,0.118256,2.273522
6,0.083255,0.122839,1.566452
avg,0.075483,0.110129,3.050203
