mae,rmse,smape
0.075483,0.110129,3.050203
