step,mae,rmse,smape
1,0.029741,0.042458,0.657087
2,0.030344,0.044396,0.654198
3,0.030684,0.048948,0.636967
4,0.027399,0.045185,0.543555
5,0.024712,0.041629,0.497940
6,0.026361,0.045874,0.500116
avg,0.028207,0.044812,0.581644
