step,mae,rmse,smape
1,0.053938,0.081991,1.062758
2,0.056070,0.085798,0.865941
3,0.059444,0.087992,0.969186
4,0.061538,0.091174,0.975221
5,0.062701,0.093723,0.980683
6,0.063503,0.095206,0.959716
avg,0.059532,0.089431,0.968918
