mae,rmse,smape
0.274035,0.376674,0.985244
