avg_mae,avg_rmse,avg_smape,std_mae,std_rmse,std_smape
0.026708385656633738,0.04045639951873004,0.6815665572940872,0.009768698989495568,0.015624454119833939,0.8158074210225635
