avg_mae,avg_rmse,avg_smape,std_mae,std_rmse,std_smape
0.04112705411090837,0.049855040506208696,-0.4822684482858281,0.02772041483691712,0.031150865936862004,16.519184557086085
