,metrics,GraphWaveNet
0,avg_mae,0.0411270541109083
1,avg_rmse,0.0498550405062086
2,avg_smape,-0.4822684482858281
3,std_mae,0.0277204148369171
4,std_rmse,0.031150865936862
5,std_smape,16.519184557086085
