mae,rmse,smape
0.124815,0.174858,1.210645
