,metrics,Triformer
0,avg_mae,0.264895900433542
1,avg_rmse,0.3107785249113862
2,avg_smape,0.8210610832732247
3,std_mae,0.1533633901775694
4,std_rmse,0.1591271968281152
5,std_smape,0.407110652135457
