avg_mae,avg_rmse,avg_smape,std_mae,std_rmse,std_smape
0.26489590043354205,0.3107785249113862,0.8210610832732247,0.1533633901775694,0.1591271968281152,0.407110652135457
