mae,rmse,smape
0.038684,0.064724,0.789999
