step,mae,rmse,smape
1,0.028120,0.049065,0.640926
2,0.034036,0.061575,0.641103
3,0.037808,0.063728,0.666965
4,0.040500,0.067504,0.980820
5,0.043750,0.069833,0.924766
6,0.047890,0.073768,0.885414
avg,0.038684,0.064724,0.789999
