mae,rmse,smape
0.266204,0.364044,0.899773
