mae,rmse,smape
0.076256,0.129102,1.012454
