avg_mae,avg_rmse,avg_smape,std_mae,std_rmse,std_smape
0.04463366940423514,0.05379115141298666,0.8765499544245038,0.03657866417593839,0.04014483662343188,2.428249765812832
