,metrics,Triformer
0,avg_mae,0.0446336694042351
1,avg_rmse,0.0537911514129866
2,avg_smape,0.8765499544245038
3,std_mae,0.0365786641759383
4,std_rmse,0.0401448366234318
5,std_smape,2.428249765812832
