mae,rmse,smape
0.262428,0.353342,0.988368
