,metrics,RGSL
0,avg_mae,0.0431608618373399
1,avg_rmse,0.0505400959796075
2,avg_smape,0.57682353095765
3,std_mae,0.0360843671176414
4,std_rmse,0.0380172207316627
5,std_smape,0.5209027493125379
