avg_mae,avg_rmse,avg_smape,std_mae,std_rmse,std_smape
0.04316086183733992,0.050540095979607576,0.57682353095765,0.03608436711764142,0.03801722073166276,0.5209027493125379
