mae,rmse,smape
0.081125,0.137501,1.103711
