mae,rmse,smape
0.029328,0.045658,1.508869
