mae,rmse,smape
0.027196,0.044072,0.566116
