avg_mae,avg_rmse,avg_smape,std_mae,std_rmse,std_smape
0.24156114257990566,0.28516203009859936,0.44346270402026833,0.12412454537436853,0.12881723719307103,2.653345033028477
