mae,rmse,smape
0.059532,0.089431,0.968918
