mae,rmse,smape
0.090653,0.157241,1.086198
