mae,rmse,smape
0.028207,0.044812,0.581644
