mae,rmse,smape
0.117230,0.177443,1.181577
