mae,rmse,smape
0.109969,0.173745,1.187020
