avg_mae,avg_rmse,avg_smape,std_mae,std_rmse,std_smape
0.059160013788573794,0.10552535910573022,0.40176835041363473,0.03275592919242443,0.0489789392876907,0.5143092184722854
