avg_mae,avg_rmse,avg_smape,std_mae,std_rmse,std_smape
0.06437407155315561,0.10310094504759038,0.3266429262423135,0.02274431084330599,0.03311456933419446,0.3029866004898502
