avg_mae,avg_rmse,avg_smape,std_mae,std_rmse,std_smape
0.0641232926061072,0.10548715634453383,0.5524174391594857,0.03145985364941237,0.045558583648995746,0.5801198194860641
