step,mae,rmse,smape
1,0.023253,0.035600,0.621663
2,0.025394,0.040907,0.623133
3,0.027239,0.048043,0.644287
4,0.025240,0.045232,0.585114
5,0.023200,0.042633,0.534670
6,0.026136,0.048412,0.495962
avg,0.025077,0.043696,0.584138
