mae,rmse,smape
0.025077,0.043696,0.584138
