mae,rmse,smape
0.057213,0.114553,1.052118
