mae,rmse,smape
0.039531,0.058418,1.051267
