step,mae,rmse,smape
1,0.034334,0.054793,1.755466
2,0.036905,0.054526,1.496456
3,0.040121,0.060309,0.936720
4,0.041359,0.061251,1.035479
5,0.043057,0.062872,1.695819
6,0.043559,0.062065,1.371969
avg,0.039889,0.059399,1.381985
step,mae,rmse,smape
1,0.034782,0.055829,0.790879
2,0.037282,0.055951,0.728556
3,0.039497,0.057899,0.969068
4,0.040486,0.058806,0.895461
5,0.042344,0.060575,1.687410
6,0.042795,0.061227,1.236229
avg,0.039531,0.058418,1.051267
