step,mae,rmse,smape
1,0.026260,0.038049,0.553527
2,0.029098,0.042557,0.585732
3,0.032204,0.050380,0.614854
4,0.030726,0.048438,0.603005
5,0.028709,0.045627,0.564295
6,0.029889,0.050128,0.533013
avg,0.029481,0.046076,0.575738
