,metrics,GraphWaveNet
0,avg_mae,0.0274978562998151
1,avg_rmse,0.040754625478157
2,avg_smape,0.6498857437585133
3,std_mae,0.0129513429002856
4,std_rmse,0.0178280359389702
5,std_smape,0.4437649394914374
