mae,rmse,smape
0.036555,0.055782,0.819373
