mae,rmse,smape
0.098851,0.148582,8.909979
