,metrics,Triformer
0,avg_mae,0.0573489309869149
1,avg_rmse,0.1038747449124417
2,avg_smape,0.3372044281896376
3,std_mae,0.0304497779009851
4,std_rmse,0.0449793390325631
5,std_smape,0.2165450340866996
