mae,rmse,smape
0.113281,0.170599,1.165316
