step,mae,rmse,smape
1,0.025921,0.039239,0.683997
2,0.028510,0.043502,0.595823
3,0.030216,0.049155,0.591198
4,0.028049,0.045331,0.568498
5,0.024925,0.041382,0.498593
6,0.025556,0.045149,0.458587
avg,0.027196,0.044072,0.566116
