mae,rmse,smape
0.068446,0.089751,2.930442
