step,mae,rmse,smape
1,0.025831,0.038468,1.348543
2,0.027432,0.043588,1.108300
3,0.028486,0.049385,1.323051
4,0.025929,0.044596,1.020928
5,0.023560,0.040505,0.553301
6,0.025258,0.044775,0.459480
avg,0.026083,0.043690,0.968934
