mae,rmse,smape
0.026083,0.043690,0.968934
