mae,rmse,smape
0.122858,0.173201,nan
