mae,rmse,smape
0.025094,0.043347,0.757538
