mae,rmse,smape
0.092475,0.145391,1.210981
