mae,rmse,smape
0.062228,0.113485,1.107368
