mae,rmse,smape
0.029481,0.046076,0.575738
