,metrics,RGSL
0,avg_mae,0.0643740715531556
1,avg_rmse,0.1031009450475903
2,avg_smape,0.3266429262423135
3,std_mae,0.0227443108433059
4,std_rmse,0.0331145693341944
5,std_smape,0.3029866004898502
