avg_mae,avg_rmse,avg_smape,std_mae,std_rmse,std_smape
0.07861972263292155,0.12569682988331415,0.2932017706578152,0.03300279886584835,0.050452229131262884,0.4836336855168923
