,metrics,RGSL
0,avg_mae,0.0809168047209401
1,avg_rmse,0.1222862297045206
2,avg_smape,0.7201641120474054
3,std_mae,0.0318795148820352
4,std_rmse,0.0403200468019518
5,std_smape,3.321946488367413
