avg_mae,avg_rmse,avg_smape,std_mae,std_rmse,std_smape
0.08091680472094016,0.12228622970452069,0.7201641120474054,0.03187951488203521,0.04032004680195181,3.321946488367413
