,metrics,MTGNN
0,avg_mae,0.0775796993219932
1,avg_rmse,0.1251578691880998
2,avg_smape,0.3893647802390164
3,std_mae,0.0316921957214897
4,std_rmse,0.0491298788043207
5,std_smape,0.1506173982386556
