mae,rmse,smape
0.049022,0.073319,1.002623
