mae,rmse,smape
0.062570,0.122888,1.153617
