avg_mae,avg_rmse,avg_smape,std_mae,std_rmse,std_smape
0.03845803104222727,0.04683858052263943,0.5717668314068375,0.02917419108891195,0.03263391450855238,0.703933136326845
