mae,rmse,smape
0.279161,0.369157,1.007936
