mae,rmse,smape
0.030832,0.048280,0.864173
