avg_mae,avg_rmse,avg_smape,std_mae,std_rmse,std_smape
0.07846110822963656,0.12446548372968717,0.47784321928869034,0.03774236655064209,0.04889185143938268,0.20248236865924268
