mae,rmse,smape
0.338720,0.426756,2.789501
