mae,rmse,smape
0.108382,0.163738,1.305551
