mae,rmse,smape
0.037845,0.059919,1.042615
