,metrics,ESG
0,avg_mae,0.0267083856566337
1,avg_rmse,0.04045639951873
2,avg_smape,0.6815665572940872
3,std_mae,0.0097686989894955
4,std_rmse,0.0156244541198339
5,std_smape,0.8158074210225635
