avg_mae,avg_rmse,avg_smape,std_mae,std_rmse,std_smape
0.02637292729275341,0.03971547791947856,0.5234462872966893,0.011951463228939044,0.017965395186247218,0.2353803973785449
