step,mae,rmse,smape
1,0.052549,0.073659,3.259317
2,0.061457,0.082272,2.655152
3,0.067861,0.088218,3.456041
4,0.072937,0.093751,3.315299
5,0.076688,0.097771,2.737907
6,0.079184,0.100031,2.158938
avg,0.068446,0.089751,2.930442
