,metrics,MTGNN
0,avg_mae,0.0384580310422272
1,avg_rmse,0.0468385805226394
2,avg_smape,0.5717668314068375
3,std_mae,0.0291741910889119
4,std_rmse,0.0326339145085523
5,std_smape,0.703933136326845
