mae,rmse,smape
0.058582,0.116425,1.074221
