mae,rmse,smape
0.058876,0.110390,1.113569
