step,mae,rmse,smape
1,0.026860,0.039083,0.831109
2,0.029550,0.044766,2.276338
3,0.030663,0.050029,1.363865
4,0.027579,0.045874,1.325716
5,0.024123,0.041214,0.839628
6,0.024442,0.044166,0.467275
avg,0.027203,0.044325,1.183989
