mae,rmse,smape
0.026973,0.044623,0.760057
