step,mae,rmse,smape
1,0.025532,0.039735,0.910719
2,0.029908,0.046642,1.218649
3,0.029526,0.049173,0.661419
4,0.026211,0.044068,0.591217
5,0.024824,0.041970,0.522306
6,0.025838,0.045512,0.656032
avg,0.026973,0.044623,0.760057
