mae,rmse,smape
0.091564,0.152478,1.168504
