step,mae,rmse,smape
1,0.047344,0.073374,1.408573
2,0.048190,0.074585,0.852337
3,0.048329,0.072368,1.264708
4,0.049251,0.072977,0.741588
5,0.050620,0.073777,0.721786
6,0.050400,0.072811,1.026744
avg,0.049022,0.073319,1.002623
